molecule_id,smiles,oof_T_TAR_001,oof_T_TAR_002,oof_T_TAR_003,oof_T_TAR_004,oof_T_TAR_005
MOL_0001,COCCCn1nc(C)c2c(Cl)cc([C@@H](C)N(C(=O)[C@H]3CNCCO3)C3CC3)cc21,6.051379,6.638901,3.9708064,2.2957726,6.5168476
MOL_0002,N[C@@H](CC(=O)N1CCSC1)Cc1cccnc1,7.1604114,6.2936707,4.7681627,5.0482273,7.12526
MOL_0003,O=C(NC(=O)c1ccccc1Cl)Nc1ccc(C(=O)O)cc1Cl,6.697597,6.542229,4.722877,2.9091394,7.3323936
MOL_0004,Cc1cnc(NS(=O)(=O)c2ccc(Nc3ccnc(SCC(=O)c4ccccc4)n3)cc2)nc1,5.0881286,6.277769,3.885106,1.0987091,7.1556616
MOL_0005,Cc1ccc2c(n1)N(C)CCN(Cc1ccco1)C2.O=C(O)C(F)(F)F.O=C(O)C(F)(F)F,5.502771,6.672223,4.7021093,2.22058,7.7685003
MOL_0006,O=C(O)/C(=C/c1c(C(=O)O)[nH]c2cc(Cl)cc(Cl)c12)c1ccc(Cl)cc1,5.1199803,6.735308,5.405489,2.308363,7.1275315
MOL_0007,NC(=O)[C@H](CCc1ccccc1)NC(=O)[C@H](Cc1c[nH]cn1)NC(=O)CCc1ccccc1,5.6171613,6.265491,4.3079324,1.7089173,7.662658
MOL_0008,COc1ccc(Cc2nc(NC(=O)c3cc(Br)ccc3O)n(C)c2Cc2ccc(OC)c(OC)c2)cc1,3.7374003,5.8012786,3.7057166,2.1580045,4.4266624
MOL_0009,COc1ccc2c(n1)CN(c1ncnn3c(C)nc([C@H]4CCOC4)c13)CC2,7.238412,6.8318343,5.081949,2.3540344,6.34657
MOL_0010,CNC(=O)CN(CC(N)=O)C(=O)NC,6.834327,5.2032433,3.8373196,5.111186,6.557547
MOL_0011,O=C1NCc2c1cc(O[C@@H]1CCN(C(=O)C3CCOCC3)C1)cc2-c1cc(O)cc(F)c1,6.901503,6.6160145,4.354539,1.803213,7.919157
MOL_0012,Cc1ccc(C)c(N2CCN(C(=O)C3CCN(C(=O)c4cc5sccc5n4C)CC3)CC2)c1,5.3742466,6.4295278,4.3343954,1.9962982,6.953573
MOL_0013,COc1cc2[nH]c(C(=O)Nc3ccc4c(c3)OCCO4)cc2c(OC)c1OC,5.441053,6.299769,4.4572434,2.1910415,6.3934293
MOL_0014,COc1cc(N2CCN(S(C)(=O)=O)CC2)ccc1Nc1ncc2ccn(-c3ccccn3)c2n1,3.4208076,4.6547527,2.7674408,2.017646,7.112334
MOL_0015,Cl.NC(=O)Nc1cc(-c2ccccc2F)sc1C(=O)N[C@H]1CCCNC1,6.5520196,5.5280995,4.7700315,2.2400188,5.6563115
MOL_0016,CC(C(=O)NC1CC1)N1CCN(Cc2ccn(C)c(=O)c2)CC1,7.19693,6.34316,4.7053275,2.5458026,7.4206004
MOL_0017,CC(C)(C)NCCCOc1ccc2c(=O)cc(-c3ccccc3)oc2c1,5.7802954,6.4734883,5.105412,3.2157986,7.496466
MOL_0018,Cc1cc(C)nc(NCc2nocc2C)n1,7.565604,5.905475,4.7377076,4.3293953,6.7785797
MOL_0019,O=C(O)c1cc2cc(CCc3ccccc3C(=O)O)ccc2cc1O,7.715219,6.967124,5.3291698,3.545983,7.517202
MOL_0020,CCn1c(CN2CCC(C)CC2)nc2cc(NC(=O)c3cccs3)ccc21,8.074659,6.790692,4.9377,2.872047,8.343718
MOL_0021,COc1ccc2nc(-c3ccccc3)cc(NCCCNc3cc(-c4ccccc4)nc4ccc(OC)cc34)c2c1,3.9245303,6.964693,4.14717,1.5138254,8.261058
MOL_0022,Cn1nccc1CN1CCC(CC#N)(n2cc(C(N)=O)c(Nc3ccnc(F)c3)n2)CC1,6.004618,6.2433314,4.1401043,1.269062,6.3272414
MOL_0023,COC1(COc2cc(F)cc3ccc(-c4nnc5ccccn45)nc23)CCCNCC1,5.013646,6.5603886,4.7014103,2.7576864,7.3734035
MOL_0024,O=S(=O)(O)O.c1ccc(-c2cn[nH]c2Nc2nncc3cncn23)cc1,4.7551837,5.5858536,4.097043,3.1889315,4.2607427
MOL_0025,CCc1csc(CC2CCN(C(=O)CCc3ncccn3)CC2)n1,6.0049934,7.015385,5.010198,3.8858836,7.9357424
MOL_0026,Cc1nc(CN(CCO)Cc2nccn2C)cs1,5.9377704,4.6383543,4.1177573,5.1770897,5.366033
MOL_0027,CC(=O)Nc1cccc2c(Oc3cccc(NC(=O)c4cc(C(F)(F)F)cc(C(F)(F)F)c4)c3)ccnc12,4.668457,6.1883936,4.8558974,2.346204,7.0517583
MOL_0028,O=c1oc(-c2c(F)cccc2F)nc2cnccc12,7.7627645,6.5186496,4.8733068,5.070818,7.615531
MOL_0029,CS(=O)(=O)Nc1cc(NCCO)nc(SCc2ccccc2)n1,7.2678905,6.371018,4.2767324,3.8856282,7.1232424
MOL_0030,N#Cc1ccc(Cn2ccnc2)cc1Oc1cccc(Nc2ccccc2)c1,6.445566,6.6131277,5.510445,2.9946957,6.909918
MOL_0031,O=C1Nc2c(c(=O)oc3ccccc23)C(c2ccc(Cl)cc2)N1,8.686332,7.3834405,5.368657,2.9312232,8.12491
MOL_0032,COc1ccc(N(CC(=O)NC2CCCC2)C(=O)CCC(=O)Nc2cc(C)on2)cc1,3.7040515,6.336518,4.4045305,1.9074702,7.123855
MOL_0033,CC(C)(C)OC(=O)n1cc(-c2cccc(NC(=O)c3cc4sccc4[nH]3)c2)nc1N,3.790423,5.884624,2.7247932,2.1256187,7.0391545
MOL_0034,C=CCc1ccc(O)c(-c2cc(CC=C)ccc2OC(=O)C(C)c2cccc(C(=O)c3ccccc3)c2)c1,5.432353,6.685612,4.913199,2.189089,8.425334
MOL_0035,C[C@H]1NC(=O)c2[nH]c3ccccc3c2-c2ccccc21,7.598314,6.3139257,4.9384108,4.8581786,6.682438
MOL_0036,O=c1ccc(Nc2ccccc2Cl)nn1-c1ccccc1Cl,7.3156776,6.5276895,5.1997223,3.83767,7.232173
MOL_0037,CCn1c(NC(=O)c2[nH]nc3ccccc23)nc2ccccc21,7.577662,6.3172107,4.738504,3.742314,6.838949
MOL_0038,OCCn1nc(C2CCCC2)nc1C1CCOC1,7.037326,6.067096,4.641837,5.2718167,6.2803864
MOL_0039,COCCOc1cc(CC2CCN(CCc3ccc4c(c3)C(=O)C(O)CO4)CC2)ccc1Br,5.2919044,6.665074,4.387084,1.747603,7.8078346
MOL_0040,O=C(C1CCOCC1)N1CCC2(CCC(C(=O)N3CCCC3)O2)CC1,7.2455077,6.633012,4.629567,2.8713129,7.2814674
MOL_0041,CCCNC(=O)C(Cc1ccccc1)NS(=O)(=O)c1ccc2c(c1)c(=O)n(C)c(=O)n2C,5.815503,6.05406,4.32162,1.8519069,7.196689
MOL_0042,CSc1ccc(NC(=O)C[n+]2cccc(C(=O)Nc3ccccc3)c2)cc1,6.0439844,6.8178678,4.8444653,3.054926,6.926793
MOL_0043,Cc1ccccc1NC(=O)C1CCN(C(=O)NC2CCCCC2)CC1,8.078576,6.811694,4.8133445,3.27504,7.8338275
MOL_0044,O=C(c1ccc(CN2CCOCC2)cc1)N1CCN(C2CCC2)CC1,6.894959,6.796466,5.4982,2.5273883,7.2882395
MOL_0045,NC/C=C\Cn1cnc2c(=O)[nH]cnc21,7.439909,4.947749,4.3152494,5.339132,6.2200184
MOL_0046,COCCNCc1ccc2ccc3cccc4ccc1c2c34,6.1769032,7.1362047,5.5781717,5.3368483,7.7117267
MOL_0047,CC(N)CO,7.2963767,5.6415634,4.4994373,5.288689,6.7178845
MOL_0048,CC(=O)Oc1ccc(OC(C)=O)c2c1CC=C(CCC=C(C)C)C2,7.4317803,6.859033,4.906239,3.7160318,8.129942
MOL_0049,OCC1(Nc2nc(-c3ccncc3)nc3cnccc23)CCC1,7.399583,5.2581825,4.1565948,3.5948377,6.11518
MOL_0050,CNC(=O)c1ccc(-c2ccc3c(c2)CCN(CCN2CCCC2)C3=O)c(F)c1,6.810259,6.7440443,4.8133984,1.5722462,7.8286986
MOL_0051,COc1ccc2c(c1)-c1nc(-n3ncc(C(=O)N(C)CCO)c3C3CC3)ncc1CC2,4.6020226,6.261038,4.7494936,2.1896,7.056618
MOL_0052,COc1cnc(C(=O)Nc2ccc3c(c2)C2(CCOC(N)=N2)c2cc(C4CC4)nc(F)c2O3)cn1,3.401923,5.8246,3.7124443,1.27692,3.5400398
MOL_0053,Brc1cc(Br)c2nc(-c3cnccn3)ccc2c1,7.4667797,7.2526727,4.950838,3.487106,8.03111
MOL_0054,COc1ccc2nc(NCc3ccc(C(=O)Nc4ccccc4N)cc3)sc2c1,3.9812741,6.3235455,3.9789963,1.6968173,7.239471
MOL_0055,Cc1cccc(Nc2ccccc2C(=O)N[C@@H](CCCCCC(=O)NO)C(=O)Nc2cccc3cccnc23)c1C,4.0487795,6.194672,3.8384495,1.8585393,7.4212127
MOL_0056,Cc1ccc(-c2csc(NCCc3nc4cc(Cl)c(Cl)cc4n3CCCO)n2)cc1,2.8644145,6.406849,4.407211,2.5747805,7.644078
MOL_0057,Cc1cc(C)c(C(=O)N2CCn3nc(C(=O)NCCN(C)C)cc3C2)[nH]1,5.4065166,5.751444,3.9173985,2.824676,5.1841197
MOL_0058,O=c1c2ccccc2[nH]c(=S)n1CCN1CCCC1,7.828296,6.3339777,4.9396,4.976086,7.2966123
MOL_0059,CC#CCOC(=O)C1=CCCN(C)C1,7.768067,4.9566174,4.6126423,5.441363,6.3570952
MOL_0060,CN(C)C1(Cc2ccccc2)CCN(c2cc(C(F)(F)F)ccc2CNC(=O)Nc2cccc3ncccc23)CC1,5.872898,6.0440736,4.414318,2.5880713,7.510494
MOL_0061,O=[N+]([O-])c1ccc(N/N=C/c2ccc(OCc3cccc4ccccc34)cc2)nc1,5.978379,6.224701,5.2166734,2.76303,7.566527
MOL_0062,Cc1[nH]c(-c2ccccc2)nc1C(=O)O,7.554076,5.873185,4.802795,5.7573366,6.9300923
MOL_0063,COc1cccc(Nc2cc(NC(=O)CCCC(=O)O)ncn2)c1,6.1106105,6.3281913,4.7764053,3.5889828,6.670416
MOL_0064,O=C(c1cc(F)c(O)c(Cl)c1)N1CS(=O)(=O)c2ccccc21,7.7098484,6.966919,5.4367824,3.1383884,7.5310764
MOL_0065,C=CC[C@@]12CCN[C@@H]1n1c3nc4ccccc4cc3c(=O)c3cccc2c31,8.202544,7.224107,5.725074,3.3617585,7.674504
MOL_0066,CCCCc1c(O)cc2n(c1=O)-c1ccc(Cl)cc1C2(C)C,7.3820667,6.712961,5.0310335,3.7344787,7.788035
MOL_0067,COc1ccccc1C(=O)NC(CCSC)C(=O)NCc1ccncc1,7.4509315,6.085154,3.6989279,3.7448096,7.0227118
MOL_0068,Cc1ccc(C)c(-c2ccc(Cl)c(Cl)c2)c1/C=C/[C@@H]1C[C@@H](O)CC(=O)O1,4.121093,7.1316056,4.3854175,2.3634443,7.4054246
MOL_0069,CCOC(=O)Cc1nc2c(N)cccc2[nH]1,7.4313407,5.88397,4.597019,5.4006815,6.9877214
MOL_0070,CC(=O)c1ccc(-c2cccc(NC(=O)CCc3cccc4c3C(O)OC4)c2)cc1,4.5997143,7.843625,5.4706326,2.819758,7.5713806
MOL_0071,FC(F)(F)c1cc(N2CCC(OCc3nnn[nH]3)C2)cc(C(F)(F)F)c1,6.8924613,6.4109993,5.4061832,7.0863905,7.9246335
MOL_0072,COCCN1CC[C@H]2OCC[C@@H](C(=O)N3CCCO3)[C@H]2C1.O=C(O)C(F)(F)F,7.1454654,6.470282,4.0452185,2.0810883,7.178739
MOL_0073,CCC1=CC(=O)[C@]2(C/C=C(\C)CC/C=C(\C)CCC=C(C)C)O[C@@H]2[C@@H]1O,6.838793,6.8274255,4.970558,3.2783203,7.3074865
MOL_0074,CCO[C@H]1CC[C@@](CS)(C(=O)N[C@@H](Cc2ccccc2)C(=O)Nc2cccnc2)CC1,6.5964766,7.4908795,4.514366,1.8084191,8.465395
MOL_0075,CCOc1cc(C2NC(=O)NC(C)=C2C(=O)OCC2CCCCC2)ccc1O,4.98739,6.821823,4.0415072,2.5903769,7.2539606
MOL_0076,COc1ccc(Cc2nc(Cn3cnc4ccccc4c3=O)no2)cc1,7.564612,6.532052,4.8597355,2.9165275,7.365966
MOL_0077,NC(=O)C1CCCN1C(=O)c1cccc2c1OCO2,7.6613817,6.259205,4.7026906,4.762445,7.7662196
MOL_0078,CCCCn1/c(=N/C(=O)c2cc3ccccc3o2)c(C(=O)OCC)cc2c(=O)n3ccccc3nc21,6.0634685,6.642992,3.8351986,2.6137714,7.7577405
MOL_0079,CCOC(=O)CCNc1cc2oc3cc(=[N+](C)C)ccc-3nc2c2ccccc12.[Cl-],5.304075,6.3224397,4.8786936,2.058987,7.2963433
MOL_0080,COc1ccc2c(c[n+]3c4c2ccc2c5c(cc(c24)CC3)OCO5)c1NC(=O)c1c(C)noc1C,4.2611923,6.550184,4.160823,1.907836,5.189143
MOL_0081,COc1cc(C2CN(C(=O)c3cc(OC[C@H](O)CO)ccn3)C2)ccc1OCc1ccc(C2CC2)cc1,3.8972943,5.1337914,4.238414,2.4416602,5.322573
MOL_0082,COc1ccccc1OC(=O)c1cc(OC)c(OC)c(OC)c1,7.4193263,6.5949616,4.6461854,3.5580595,6.8231087
MOL_0083,N#Cc1ccc(NC(=O)c2cc(C(F)(F)F)ccc2O)cc1,6.0554404,6.304064,4.6415725,3.9574971,5.1750164
MOL_0084,COCC(=O)N1CCC2(COCc3cnc(N4CCOCC4)nc32)C1,7.0770535,6.499147,4.7548084,3.6339073,7.2287226
MOL_0085,Oc1cc(Cc2ccccc2)on1,6.466014,5.911741,4.47239,4.1577964,6.0935373
MOL_0086,O=C1O[C@@H](CO)CN1c1ccc(-c2ccccc2)c(F)c1,7.1262937,6.4001956,5.1677804,4.9472604,7.3801055
MOL_0087,O=C(c1ccc(Cl)s1)N(Cc1cccnc1)c1nc2c(F)cc(F)cc2s1,3.7417839,6.8216853,4.0248466,2.2878072,7.6907563
MOL_0088,COc1cc(Nc2nc3cc(C4(OC)c5ccccc5C(=O)N4Cc4ccccc4)ccc3[nH]2)cc(OC)c1,4.875227,6.438189,3.9843357,1.7489386,7.454532
MOL_0089,Cc1noc(C)c1NC(=O)c1cc2ccccc2[nH]1,7.6334586,4.5689826,4.5397954,5.0756416,5.9980226
MOL_0090,Cc1nc(C)c(NS(=O)(=O)c2ccc3c(c2)CCCC3)s1,7.8323174,6.8284388,4.8498588,3.1006103,6.9146852
MOL_0091,COc1cc(/C=C/C(=O)/C=C/c2ccc(C(F)(F)F)cc2)ccc1O,5.9190955,5.76417,4.1956677,3.409703,5.5037475
MOL_0092,CC(=O)Nc1cnc(NC(=O)c2cccc(F)c2)cc1C,5.9670725,6.519308,4.7994094,5.07945,6.7111716
MOL_0093,O=C1CCCC2=C1[C@H](c1cccc(O)c1)NC(=S)N2,7.61577,6.6693506,5.053311,3.8437366,7.074738
MOL_0094,Oc1cc(-c2nn(-c3ccc(Cl)cc3)c3nnc(-c4ccc(Cl)cc4)nc23)cc(O)c1O,4.7138276,6.0780725,4.294012,1.6266146,7.3401637
MOL_0095,CC(C)CC(CO)NS(=O)(=O)c1cccc(Cl)c1F,7.2790256,6.6606507,5.059137,4.2848186,7.389129
MOL_0096,O=C(O)c1ccc(Oc2ccc3c(c2)C[C@@H](NC[C@H](O)c2cccc(Cl)c2)CCC3)cc1,5.8924246,6.7976165,4.590432,3.6985872,7.8893905
MOL_0097,CCOc1ccc(-c2nnc([C@H]3C[C@H](NC(=O)c4ccccn4)C3)n2-c2ccc(Cl)s2)nc1,4.263721,6.12878,3.9856348,1.6440359,7.330241
MOL_0098,COc1ncc(-c2ccc3ncnc(-c4cccc(C(=O)N5CCN(C)CC5)c4)c3c2)cc1C(F)(F)F,4.7480674,7.2000704,4.747913,1.7330985,7.8705983
MOL_0099,Cl.Cl.O=[N+]([O-])c1cc2c(cc1OCCCN1CCN(c3ccccc3)CC1)CCC2,5.810773,7.239761,5.0227118,2.270688,7.5145893
MOL_0100,O=C[C@@H](O)[C@H](O)[C@H](O)COP(=O)(O)O,5.5201645,5.289526,3.790488,5.0870166,6.462704
MOL_0101,COC(=O)c1ccccc1SSc1n[nH]c(-c2ccc(C)cc2)n1,7.111182,6.6734753,5.1720424,3.3346233,6.7095013
MOL_0102,NC(CO)(CO)CCc1ccc(-c2ccc(Oc3ccccc3)cc2)cc1Cl,6.7662373,7.311985,4.8786798,2.4691525,8.599243
MOL_0103,COc1ccc(C/N=c2\ssnc2Cl)cc1,7.3839564,6.4945507,4.9774446,5.217582,6.7598147
MOL_0104,Cc1ccc(C(=O)Nc2ccccc2)cc1NC(=O)C1(c2ncnc3[nH]ccc23)CC1,6.665715,6.901275,4.808854,2.314235,8.000359
MOL_0105,CCOC(=O)c1c(C)nc2sc3c(c2c1N)CCC1(C3)OCCO1,7.5595155,6.8933277,4.5973577,2.9501467,6.8434343
MOL_0106,O=C1CN(c2cccc(Cl)c2)C(=O)CN1c1cccc(Cl)c1,8.1648245,6.850325,5.68208,3.4324834,7.20673
MOL_0107,O=C(NNC(=S)Nc1ccc(C(F)(F)F)cc1)c1nc(-c2cccc3ccccc23)no1,5.251741,6.6019115,4.0493608,1.7446386,7.558176
MOL_0108,Fc1ccc(-n2nnnc2-c2cnc(-c3cccs3)nc2C(F)(F)F)cc1,4.887305,5.553902,4.065612,3.1314683,5.922575
MOL_0109,CCCCc1nc2ccccc2n1Cc1ccc(C(=O)O)cc1OC,8.110189,6.824586,4.766395,4.2701173,7.342951
MOL_0110,Cc1cnc(NC(=O)c2cc(Oc3cnc(C(=O)N(C)C)nc3)c3cn(C)nc3c2)cn1,5.586599,6.2254586,4.3261647,1.7657869,6.7413864
MOL_0111,C=CCn1cc(-c2cccc(C(=O)N(C)C)c2)c2cc[nH]c2c1=O,8.112732,6.7829103,5.163667,3.9340103,7.594026
MOL_0112,CCCC1c2ccccc2CCN1CCS(C)(=O)=O,7.9130034,6.5498185,5.2898,5.151254,7.171706
MOL_0113,COc1ccccc1-c1nc(-c2ccc(Br)cc2)no1,7.5096984,6.4895263,4.4181333,3.5969338,6.8883348
MOL_0114,Cn1cc(-c2cc(NS(C)(=O)=O)ccc2OCc2ccccc2)c2cc[nH]c2c1=O,6.1853905,6.745845,4.51161,1.7993606,8.303912
MOL_0115,NCCCCNc1ncnc2ccc(-c3ccc4c(c3)OCO4)cc12,6.8329673,6.5715265,4.832858,3.2550843,7.796604
MOL_0116,CCC(=O)N1CCc2cc(CNC(=O)Nc3cc(C)ccc3C)ccc21,6.524966,6.862926,5.1186957,2.7234316,6.922705
MOL_0117,COc1ccc(-c2cnnc(-n3nc(C)c4c3NC(=O)C[C@@H]4c3ccc(F)cc3F)n2)cc1,5.5450187,6.843354,4.4511056,1.701084,6.8894305
MOL_0118,CNCc1c(C)nn(-c2ccccc2)c1C,7.404725,6.0268173,4.8615456,5.984485,6.4491587
MOL_0119,O=C(COC(=O)c1ccccc1NC(=O)c1ccco1)Nc1ccc2c(c1)OC(F)(F)O2,5.074645,5.098989,3.0269117,1.6254033,5.534254
MOL_0120,CCn1nc(C)c(C2C(C#N)=C(N)OC3=C2C(=O)CCC3)c1C,7.0310545,5.726806,5.024977,4.1565213,6.5988827
MOL_0121,CCCCCC(=O)OC(C(=O)NC(C)(C)C)C(C)C,6.8121557,6.1169796,4.5758667,5.225714,7.1293383
MOL_0122,COc1ccc(-c2cc(C)nc3nc(N)nn23)cc1,7.498746,6.2073836,4.845086,5.425257,6.6538334
MOL_0123,Cc1cccc(Cl)c1CNC(=O)Cc1c(C)noc1C,7.576405,6.612779,4.850475,4.406211,7.6266356
MOL_0124,Oc1c2c(nc3cc(-c4ccc(F)cc4)nn13)CCC2,7.5705323,6.639623,4.8288584,4.5720153,7.5094867
MOL_0125,Oc1ccc(C[C@H]2COc3cc(O)ccc3C2)cc1,7.934153,6.416681,5.344435,4.9428363,7.1477447
MOL_0126,Cc1[nH]c(=O)c(C#N)c(C)c1CCC(=O)Nc1ccc(N2CCCCC2)cc1,7.0146384,6.252332,4.8946567,2.9476345,7.753953
MOL_0127,COc1ccc(OC)c(NC(=O)c2cccc(NC(=O)c3ccco3)c2)c1,5.373356,5.7745957,3.5173306,3.2332501,6.664008
MOL_0128,Cl.NCc1cc(=O)c2cc(C(=O)NCCn3cncn3)ccc2o1,7.1211987,6.4566526,4.643672,1.4510044,7.0742636
MOL_0129,COP(=O)(CN(Cc1c(F)cc(F)cc1F)C(S)=Nc1ccccc1Cl)OC,4.621774,7.0355215,4.069132,1.6246192,7.972098
MOL_0130,O=c1c(-c2cc[nH]n2)n[nH]c2c(-c3ccccn3)cnn12,7.6225967,6.1087866,4.9675775,5.627313,7.286153
MOL_0131,CN(Cc1ccc(-n2cccn2)cc1)C(=O)C[C@H]1COCCN1,8.088051,6.3151903,4.8776746,3.5050552,7.2962995
MOL_0132,C#CC(C)=CCN1Cc2cccc3nc(O)n(c23)CC1C,7.740968,5.643832,4.574736,5.11927,7.290755
MOL_0133,CCC(=O)Nc1ncc2c(ccc3[nH]ccc32)n1,7.6769714,6.1279144,4.9422145,5.3957677,7.0636845
MOL_0134,Cc1ccc(-n2cnnc2)c(C(=O)N2CC3CCCC(C3)C2)c1,6.990475,6.6721444,5.621468,3.6448967,6.1980824
MOL_0135,Cn1cccc1C(=O)C(=O)Nc1cccc(Cl)c1Cl,7.754256,6.6853337,4.736475,3.8743262,7.5662203
MOL_0136,Nc1nc2c(cnn2CCCc2ccccc2)c2nc(-c3ccco3)nn12,7.3174505,6.4150357,4.5967026,3.448262,6.127711
MOL_0137,O=C(Nc1cccc(Cl)c1)Nc1ncccc1OCc1cccc(Cl)c1,6.3982863,7.237898,4.769292,2.8209157,8.195537
MOL_0138,Cc1cccc(C)c1NC(=O)c1c(-c2ccccc2)noc1C,6.799968,6.6842895,4.788333,3.3635235,7.2677407
MOL_0139,COc1cc(CN(Cc2ccccc2)Cc2ccc(O)c(OC)c2)ccc1O,5.8976603,5.35703,4.191571,3.0350475,5.807677
MOL_0140,Cc1noc(CCNS(=O)(=O)N2CCCC2c2ccc(C)o2)n1,7.788381,6.2138014,4.854245,3.3813736,7.0372686
MOL_0141,Cc1coc2cc3oc(C(=O)N4CCc5ccccc5C4)c(C)c3cc12,6.418142,6.4799395,5.037621,2.3601904,6.1171846
MOL_0142,Cc1cc(C)n(-c2ccc3ccccc3n2)n1,7.926583,6.0753818,4.8939114,5.9523396,7.0852976
MOL_0143,C=CCSCC=C,6.878139,5.5408754,4.397824,5.274913,6.5788136
MOL_0144,CC(c1ccc(S(C)(=O)=O)cc1)S(=O)(=O)c1cccc[n+]1[O-],7.4412827,5.8996406,3.6994135,3.0720952,6.5968328
MOL_0145,Cc1cc(O)cc(O)c1C(=O)NCCCCCCCCCCCCOc1ccc(C(=N)N)cc1,5.153162,5.483126,4.5324497,1.6174959,6.5799193
MOL_0146,Cc1cccc(-c2oc(C)nc2C(=O)Nc2cnn(Cc3nc(C(C)(C)O)co3)n2)c1,5.8021393,6.543319,3.7311232,2.5043855,6.6905475
MOL_0147,CCO[C@@H]1OC(C(N)=O)=C[C@H](C(C)(C)C)[C@H]1CCCO,7.2769213,5.6653886,4.631114,4.7491736,6.6315837
MOL_0148,Cc1ccc(C(C)C)c(OCCCC(C)(C)C(=O)O)c1,7.1339493,6.512579,4.8543773,4.7369127,7.1297054
MOL_0149,C=C1CC[C@H]2[C@@H]3CCc4cc(O)ccc4[C@H]3[C@H](O)C[C@]12C,7.6443353,7.503787,4.9958673,2.87749,7.645655
MOL_0150,Cc1c(C(=O)O)c(C(=O)NC2CC2)nn1C(C)(C)C,5.893973,4.538233,3.5769181,5.203739,5.435741
MOL_0151,CC(C)(C)OC(=O)N[C@H]1CCCN(CCF)C1,6.819336,6.083224,4.451376,4.832156,6.5103827
MOL_0152,COc1ccc(C=C2CCC3C(CCCC34OCCO4)C2=O)cc1,6.764354,5.51767,4.8413506,3.7929382,5.6017284
MOL_0153,Nc1ccc(CSc2ccccc2)cc1,7.195146,5.637194,4.7751393,5.255581,6.171617
MOL_0154,O=C(O)CCc1ccccc1/N=N/c1ccc(C(=O)O)cc1,7.451357,6.849523,4.8782625,4.494908,8.091533
MOL_0155,O=C(N[C@H](C/C=C/c1cccc(F)c1)C(=O)O)c1ccc2ccccc2c1,5.6505737,6.4469576,4.8212385,3.7562428,7.14677
MOL_0156,O=C(Nc1ccc(-c2nnc(NCCCCN3CCCC3)o2)cc1)c1ccccc1F,2.9365132,5.873941,3.756644,1.4654444,5.8047924
MOL_0157,CCc1ccc(OC(C)C(=O)Nc2ccccc2C(=O)N2CCOCC2)cc1,6.7001677,6.708457,4.5814576,3.0492096,6.9176645
MOL_0158,CC(=O)Nc1cncc(-c2cccc(C(=O)N(C)C)c2)n1,6.0717225,6.43593,4.7896457,3.7106533,7.1240163
MOL_0159,CCCCCCCCC[C@H](CCCl)n1cnc2c(Cl)ncnc21,7.2219133,6.829394,4.811038,3.626456,7.3922567
MOL_0160,CCCCCCCCNC(=O)n1cc(C(F)(F)F)c(=O)[nH]c1=O,7.8127427,6.776779,5.1663647,3.2546818,7.320596
MOL_0161,Cc1cc(C(=O)O)c2ccccc2n1,,,,,
MOL_0162,N#CCCN1CCNCC1,,,,,
MOL_0163,CC(=O)C1=C(C)Nc2ncnn2C1c1cccc(Br)c1,,,,,
MOL_0164,CCC(C)NCCCn1c(Sc2cc(OC)ccc2I)nc2c(N)ncnc21.O=P(O)(O)O,,,,,
MOL_0165,CC1(O)CC(C(=O)N2CCC(F)(F)C2)C1,,,,,
MOL_0166,CC(C)CC(C)N(c1cc(Cl)ccc1CO)S(=O)(=O)c1ccc(Cl)cc1,,,,,
MOL_0167,CCOc1cc(CNc2[nH]cnc3ncnc2-3)ccc1OC,,,,,
MOL_0168,O=C(c1cc2cccnc2n1-c1ccnc(F)c1)N1CC(F)C1,,,,,
MOL_0169,O=C(c1ccccc1O)N1CCC2(CC1)c1nc[nH]c1CCN2C(=O)C1CCC1,,,,,
MOL_0170,NC(=O)NOCC1NC(=O)NC1=O,,,,,
MOL_0171,CC(=O)N(/C=C\C(=O)C(C)(C)C)OCc1ccccc1,,,,,
MOL_0172,N#Cc1c(N)cccc1[S+]([O-])c1cccc(Br)c1,,,,,
MOL_0173,O=C(Nc1cc(Cl)ccc1Cl)Nc1ncnc2c1ncn2C(=O)Nc1cc(Cl)ccc1Cl,,,,,
MOL_0174,FC(F)(F)Oc1ccc(-c2nnc(CCCCc3ccc4cccnc4n3)o2)cc1,,,,,
MOL_0175,CCNCCN1CCC(Cc2ccccc2)CC1,,,,,
MOL_0176,Fc1ccc2c(c1)C(SCCNCC1CC1)Cc1ccccc1O2,,,,,
MOL_0177,C[C@@H]1CN(c2cnc(C#N)c(-c3cnn(C)c3)n2)CCN1C(=O)C1CC1,,,,,
MOL_0178,CC(C)(C)OC(=O)N1CCNCC1(C)C,,,,,
MOL_0179,COC(=O)Nc1nn(-c2ccc(C)cc2)c(=O)c(C#N)c1C,,,,,
MOL_0180,Cc1cccc(C(=O)N/N=C/c2ccccc2Cl)c1,,,,,
MOL_0181,CC12N[C@H](CC3=C1CCCC3)c1ccccc12,,,,,
MOL_0182,CC(C)(C)c1cc(/C=C2\C(=O)ON=C2c2cccs2)cc(C(C)(C)C)c1O,,,,,
MOL_0183,CCCCCCCCCCCCC(O/N=C/C(=O)O)c1ccc(OCc2ccc3ccccc3n2)cc1,,,,,
MOL_0184,O/N=C(/c1ccc(Oc2ccc(-n3ccnc3)cc2)nc1)N1CC=CC1,,,,,
MOL_0185,CCOCCCNC(=O)[C@H]1CCN(c2cnn(Cc3ccccc3)c(=O)c2)C1,,,,,
MOL_0186,COc1cccc(C2Cc3c(ccc(O)c3O)[C@H](CN)O2)c1,,,,,
MOL_0187,CN(C)S(=O)(=O)CCn1c(=N)sc2cc(OC(F)(F)F)ccc21,,,,,
MOL_0188,COc1cc(C)c2[nH]cc(/C=N/NC(=N)NCCc3ccc(Br)cc3)c2c1,,,,,
MOL_0189,CC(C)(C)/[N+]([O-])=C/c1nsc(-c2ccccc2)n1,,,,,
MOL_0190,CCOC(=O)c1nc(C)nc(NCc2ccccc2)n1,,,,,
MOL_0191,ClCCN1CCN(CCCl)CCN(CCCl)CC1,,,,,
MOL_0192,N#Cc1c(-c2ccc(Cl)c(Cl)c2)cc(-c2cccnc2)nc1N,,,,,
MOL_0193,O=C(Nc1cccnc1)N1CCN(Cc2ccc(Br)c(Br)c2)CC1,,,,,
MOL_0194,c1cncc(CCCN2C3CCC2CC3)c1,,,,,
MOL_0195,CCNC(=O)CNCc1c(C(C)C)nn(C)c1N1CCOCC1,,,,,
MOL_0196,Fc1ccc(-c2nc(-c3c[nH]c4ccc(Br)cc34)[nH]c2-c2ccc(F)cc2)cc1,,,,,
MOL_0197,Nc1ccccc1C(=O)Nc1cccc(F)c1,,,,,
MOL_0198,COc1ccc(NC(=O)N2CCN3C(=O)c4ccccc4C23c2ccc(Cl)cc2)cc1,,,,,
MOL_0199,Nc1ccc(CNc2nc(C3CC3)ns2)cn1,,,,,
MOL_0200,NC1CCN(CC(=O)N2CCCC2)CC1,,,,,
